"species","r_squared"
"Iris","0.9265941973259838"
"Iris-setosa","0.0942491238022815"
"Iris-versicolor","0.6188466815001424"
"Iris-virginica","0.10375370275048618"
