"petal_length","petal_width","regression","residuals","squared_residuals"
"1.4632653061224490","0.24081632653061224490","0.24081632653061233","5.664403186863044e-17","0.009951565228694633"
"4.2600000000000000","1.3260000000000000","1.3260000000000007","-7.993605777301127e-17","0.014607319778188537"
"5.5520000000000000","2.0260000000000000","2.0260000000000007","3.8635761256955447e-16","0.06625411127787305"
