"species","rmse"
"Iris-virginica","0.2573987398529236"
"Iris-versicolor","0.12086074539811732"
"Iris-setosa","0.09975753219027941"
