"species","slope","intercept"
"Iris-versicolor","0.3310536044362293","-0.0842883548983366"
"Iris-virginica","0.16029695540308755","1.1360313036020575"
"Iris-setosa","0.18554417058986444","-0.030684021046801697"
